ymd,hms, Latitude, Longitude
2024-11-26,12:25:16.875,37.2397502,126.7735892
2024-11-26,12:25:17.142,37.2397502,126.7735892
2024-11-26,12:25:17.407,37.2397502,126.7735892
2024-11-26,12:25:17.673,37.2397502,126.7735892
2024-11-26,12:25:17.907,37.2397502,126.7735892
2024-11-26,12:25:18.251,37.2399478,126.7736318
2024-11-26,12:25:18.798,37.2399732,126.7736487
2024-11-26,12:25:19.815,37.2400017,126.7736678
2024-11-26,12:25:20.800,37.2400288,126.7736865
2024-11-26,12:25:21.816,37.2400505,126.7737017
2024-11-26,12:25:22.801,37.2400618,126.7737097
2024-11-26,12:25:23.801,37.2400638,126.7737110
2024-11-26,12:25:24.802,37.2400638,126.7737110
2024-11-26,12:25:25.788,37.2400638,126.7737110
2024-11-26,12:25:26.804,37.2400638,126.7737110
2024-11-26,12:25:27.805,37.2400638,126.7737110
2024-11-26,12:25:28.822,37.2400638,126.7737110
2024-11-26,12:25:29.821,37.2400638,126.7737110
2024-11-26,12:25:30.790,37.2400638,126.7737110
2024-11-26,12:25:31.822,37.2400637,126.7737110
2024-11-26,12:25:32.807,37.2400638,126.7737110
2024-11-26,12:25:33.823,37.2400638,126.7737110
2024-11-26,12:25:34.808,37.2400638,126.7737110
2024-11-26,12:25:35.824,37.2400638,126.7737110
2024-11-26,12:25:36.809,37.2400638,126.7737110
2024-11-26,12:25:37.794,37.2400638,126.7737110
2024-11-26,12:25:38.810,37.2400638,126.7737110
2024-11-26,12:25:39.826,37.2400638,126.7737110
2024-11-26,12:25:40.811,37.2400638,126.7737110
2024-11-26,12:25:41.795,37.2400638,126.7737108
2024-11-26,12:25:42.812,37.2400638,126.7737110
2024-11-26,12:25:43.797,37.2400643,126.7737113
2024-11-26,12:25:44.844,37.2400752,126.7737188
2024-11-26,12:25:45.828,37.2400998,126.7737352
2024-11-26,12:25:46.843,37.2401258,126.7737522
2024-11-26,12:25:47.828,37.2401482,126.7737672
2024-11-26,12:25:48.828,37.2401613,126.7737758
2024-11-26,12:25:49.845,37.2401637,126.7737773
2024-11-26,12:25:50.830,37.2401637,126.7737773
2024-11-26,12:25:51.831,37.2401637,126.7737773
2024-11-26,12:25:52.816,37.2401637,126.7737773
2024-11-26,12:25:53.800,37.2401637,126.7737773
2024-11-26,12:25:54.816,37.2401637,126.7737773
2024-11-26,12:25:55.801,37.2401637,126.7737773
2024-11-26,12:25:56.817,37.2401637,126.7737773
2024-11-26,12:25:57.802,37.2401637,126.7737773
2024-11-26,12:25:58.818,37.2401637,126.7737775
2024-11-26,12:25:59.818,37.2401637,126.7737773
2024-11-26,12:26:00.803,37.2401637,126.7737773
2024-11-26,12:26:01.788,37.2401637,126.7737773
2024-11-26,12:26:02.788,37.2401637,126.7737773
2024-11-26,12:26:03.804,37.2401637,126.7737773
2024-11-26,12:26:04.804,37.2401637,126.7737773
2024-11-26,12:26:05.789,37.2401637,126.7737773
2024-11-26,12:26:06.805,37.2401637,126.7737773
2024-11-26,12:26:07.791,37.2401637,126.7737773
2024-11-26,12:26:08.807,37.2401637,126.7737773
2024-11-26,12:26:09.807,37.2401637,126.7737773
2024-11-26,12:26:10.792,37.2401665,126.7737792
2024-11-26,12:26:11.808,37.2401833,126.7737903
2024-11-26,12:26:12.794,37.2402108,126.7738083
2024-11-26,12:26:13.810,37.2402372,126.7738250
2024-11-26,12:26:14.810,37.2402510,126.7738338
2024-11-26,12:26:15.811,37.2402530,126.7738350
2024-11-26,12:26:16.796,37.2402528,126.7738350
2024-11-26,12:26:17.812,37.2402530,126.7738350
2024-11-26,12:26:18.859,37.2402528,126.7738350
2024-11-26,12:26:19.782,37.2402528,126.7738350
2024-11-26,12:26:20.814,37.2402528,126.7738350
2024-11-26,12:26:21.815,37.2402528,126.7738350
2024-11-26,12:26:22.816,37.2402528,126.7738350
2024-11-26,12:26:23.816,37.2402528,126.7738350
2024-11-26,12:26:24.801,37.2402528,126.7738350
2024-11-26,12:26:25.817,37.2402528,126.7738350
2024-11-26,12:26:26.801,37.2402528,126.7738350
2024-11-26,12:26:27.818,37.2402528,126.7738352
2024-11-26,12:26:28.804,37.2402528,126.7738352
2024-11-26,12:26:29.804,37.2402528,126.7738352
2024-11-26,12:26:30.804,37.2402528,126.7738352
2024-11-26,12:26:31.821,37.2402528,126.7738350
2024-11-26,12:26:32.806,37.2402528,126.7738350
2024-11-26,12:26:33.790,37.2402528,126.7738350
2024-11-26,12:26:34.806,37.2402528,126.7738350
2024-11-26,12:26:35.822,37.2402528,126.7738350
2024-11-26,12:26:36.792,37.2402528,126.7738352
2024-11-26,12:26:37.777,37.2402567,126.7738375
2024-11-26,12:26:38.809,37.2402717,126.7738470
2024-11-26,12:26:39.809,37.2402945,126.7738612
2024-11-26,12:26:40.794,37.2403173,126.7738757
2024-11-26,12:26:41.826,37.2403335,126.7738858
2024-11-26,12:26:42.796,37.2403385,126.7738890
2024-11-26,12:26:43.796,37.2403385,126.7738890
2024-11-26,12:26:44.796,37.2403385,126.7738890
2024-11-26,12:26:45.781,37.2403385,126.7738890
2024-11-26,12:26:46.796,37.2403383,126.7738890
2024-11-26,12:26:47.797,37.2403383,126.7738890
2024-11-26,12:26:48.812,37.2403383,126.7738890
2024-11-26,12:26:49.812,37.2403383,126.7738890
2024-11-26,12:26:50.797,37.2403385,126.7738890
2024-11-26,12:26:51.813,37.2403385,126.7738890
2024-11-26,12:26:52.829,37.2403385,126.7738890
2024-11-26,12:26:53.813,37.2403385,126.7738890
2024-11-26,12:26:54.798,37.2403385,126.7738890
2024-11-26,12:26:55.784,37.2403385,126.7738890
2024-11-26,12:26:56.799,37.2403385,126.7738890
2024-11-26,12:26:57.800,37.2403385,126.7738890
2024-11-26,12:26:58.786,37.2403385,126.7738890
2024-11-26,12:26:59.895,37.2403385,126.7738890
2024-11-26,12:27:00.785,37.2403385,126.7738890
2024-11-26,12:27:01.801,37.2403383,126.7738890
2024-11-26,12:27:02.817,37.2403385,126.7738890
2024-11-26,12:27:03.801,37.2403403,126.7738902
2024-11-26,12:27:04.786,37.2403528,126.7738982
2024-11-26,12:27:05.802,37.2403782,126.7739143
2024-11-26,12:27:06.787,37.2404085,126.7739340
2024-11-26,12:27:07.804,37.2404330,126.7739498
2024-11-26,12:27:08.882,37.2404438,126.7739568
2024-11-26,12:27:09.804,37.2404443,126.7739572
2024-11-26,12:27:10.789,37.2404443,126.7739572
2024-11-26,12:27:11.820,37.2404443,126.7739573
2024-11-26,12:27:12.806,37.2404443,126.7739572
2024-11-26,12:27:13.791,37.2404443,126.7739572
2024-11-26,12:27:14.806,37.2404443,126.7739572
2024-11-26,12:27:15.791,37.2404443,126.7739572
2024-11-26,12:27:16.807,37.2404443,126.7739572
2024-11-26,12:27:17.823,37.2404443,126.7739572
2024-11-26,12:27:18.807,37.2404443,126.7739573
2024-11-26,12:27:19.824,37.2404443,126.7739573
2024-11-26,12:27:20.793,37.2404443,126.7739573
2024-11-26,12:27:21.826,37.2404442,126.7739573
2024-11-26,12:27:22.796,37.2404443,126.7739573
2024-11-26,12:27:23.812,37.2404443,126.7739572
2024-11-26,12:27:24.798,37.2404443,126.7739572
2024-11-26,12:27:25.814,37.2404443,126.7739573
2024-11-26,12:27:26.799,37.2404443,126.7739573
2024-11-26,12:27:27.800,37.2404443,126.7739573
2024-11-26,12:27:28.816,37.2404443,126.7739573
2024-11-26,12:27:29.817,37.2404443,126.7739573
2024-11-26,12:27:30.801,37.2404443,126.7739573
2024-11-26,12:27:31.786,37.2404453,126.7739578
2024-11-26,12:27:32.802,37.2404570,126.7739653
2024-11-26,12:27:33.787,37.2404812,126.7739812
2024-11-26,12:27:34.787,37.2405105,126.7740005
2024-11-26,12:27:35.834,37.2405347,126.7740170
2024-11-26,12:27:36.788,37.2405460,126.7740247
2024-11-26,12:27:37.804,37.2405468,126.7740252
2024-11-26,12:27:38.804,37.2405470,126.7740252
2024-11-26,12:27:39.804,37.2405470,126.7740252
2024-11-26,12:27:40.805,37.2405470,126.7740252
2024-11-26,12:27:41.804,37.2405468,126.7740252
2024-11-26,12:27:42.789,37.2405468,126.7740252
2024-11-26,12:27:43.790,37.2405468,126.7740252
2024-11-26,12:27:44.806,37.2405468,126.7740252
2024-11-26,12:27:45.791,37.2405468,126.7740252
2024-11-26,12:27:46.807,37.2405470,126.7740252
2024-11-26,12:27:47.823,37.2405470,126.7740252
2024-11-26,12:27:48.808,37.2405470,126.7740252
2024-11-26,12:27:49.793,37.2405470,126.7740252
2024-11-26,12:27:50.809,37.2405470,126.7740252
2024-11-26,12:27:51.794,37.2405470,126.7740252
2024-11-26,12:27:52.809,37.2405470,126.7740252
2024-11-26,12:27:53.810,37.2405470,126.7740252
2024-11-26,12:27:54.795,37.2405470,126.7740252
2024-11-26,12:27:55.844,37.2405470,126.7740252
2024-11-26,12:27:56.797,37.2405470,126.7740252
2024-11-26,12:27:57.813,37.2405470,126.7740252
2024-11-26,12:27:58.797,37.2405470,126.7740252
2024-11-26,12:27:59.814,37.2405470,126.7740252
2024-11-26,12:28:00.814,37.2405470,126.7740252
2024-11-26,12:28:01.799,37.2405517,126.7740283
2024-11-26,12:28:02.799,37.2405680,126.7740393
2024-11-26,12:28:03.815,37.2405950,126.7740575
2024-11-26,12:28:04.848,37.2406260,126.7740783
2024-11-26,12:28:05.833,37.2406547,126.7740973
2024-11-26,12:28:06.802,37.2406720,126.7741087
2024-11-26,12:28:07.786,37.2406745,126.7741103
2024-11-26,12:28:08.803,37.2406745,126.7741103
2024-11-26,12:28:09.788,37.2406745,126.7741103
2024-11-26,12:28:10.804,37.2406745,126.7741103
2024-11-26,12:28:11.851,37.2406745,126.7741103
2024-11-26,12:28:12.804,37.2406743,126.7741103
2024-11-26,12:28:13.820,37.2406743,126.7741103
2024-11-26,12:28:14.805,37.2406743,126.7741103
2024-11-26,12:28:15.806,37.2406745,126.7741103
2024-11-26,12:28:16.791,37.2406743,126.7741103
2024-11-26,12:28:17.807,37.2406743,126.7741102
2024-11-26,12:28:18.792,37.2406743,126.7741103
2024-11-26,12:28:19.809,37.2406745,126.7741102
2024-11-26,12:28:20.825,37.2406745,126.7741102
2024-11-26,12:28:21.825,37.2406745,126.7741102
2024-11-26,12:28:22.810,37.2406743,126.7741102
2024-11-26,12:28:23.826,37.2406757,126.7741113
2024-11-26,12:28:24.811,37.2406853,126.7741177
2024-11-26,12:28:25.797,37.2407063,126.7741315
2024-11-26,12:28:26.812,37.2407345,126.7741498
2024-11-26,12:28:27.813,37.2407635,126.7741685
2024-11-26,12:28:28.798,37.2407835,126.7741813
2024-11-26,12:28:29.814,37.2407873,126.7741837
2024-11-26,12:28:30.813,37.2407873,126.7741837
2024-11-26,12:28:31.814,37.2407872,126.7741837
2024-11-26,12:28:32.799,37.2407872,126.7741838
2024-11-26,12:28:33.816,37.2407872,126.7741838
2024-11-26,12:28:34.800,37.2407872,126.7741837
2024-11-26,12:28:35.816,37.2407872,126.7741837
2024-11-26,12:28:36.865,37.2407872,126.7741837
2024-11-26,12:28:37.786,37.2407872,126.7741837
2024-11-26,12:28:38.819,37.2407873,126.7741837
2024-11-26,12:28:39.819,37.2407873,126.7741837
2024-11-26,12:28:40.804,37.2407873,126.7741837
2024-11-26,12:28:41.850,37.2407872,126.7741837
2024-11-26,12:28:42.835,37.2407872,126.7741838
2024-11-26,12:28:43.788,37.2407875,126.7741838
2024-11-26,12:28:44.820,37.2407937,126.7741878
2024-11-26,12:28:45.851,37.2408137,126.7742008
2024-11-26,12:28:46.851,37.2408428,126.7742193
2024-11-26,12:28:47.837,37.2408742,126.7742385
2024-11-26,12:28:48.790,37.2408990,126.7742533
2024-11-26,12:28:49.806,37.2409082,126.7742588
2024-11-26,12:28:50.791,37.2409083,126.7742588
2024-11-26,12:28:51.807,37.2409083,126.7742588
2024-11-26,12:28:52.791,37.2409083,126.7742588
2024-11-26,12:28:53.792,37.2409083,126.7742588
2024-11-26,12:28:54.808,37.2409083,126.7742588
2024-11-26,12:28:55.794,37.2409083,126.7742588
2024-11-26,12:28:56.810,37.2409083,126.7742588
2024-11-26,12:28:57.826,37.2409083,126.7742588
2024-11-26,12:28:58.810,37.2409083,126.7742588
2024-11-26,12:28:59.795,37.2409083,126.7742590
2024-11-26,12:29:00.795,37.2409083,126.7742588
2024-11-26,12:29:01.811,37.2409083,126.7742588
2024-11-26,12:29:02.796,37.2409083,126.7742588
2024-11-26,12:29:03.875,37.2409083,126.7742588
2024-11-26,12:29:04.796,37.2409128,126.7742615
2024-11-26,12:29:05.797,37.2409303,126.7742720
2024-11-26,12:29:06.813,37.2409600,126.7742892
2024-11-26,12:29:07.797,37.2409965,126.7743095
2024-11-26,12:29:08.814,37.2410337,126.7743292
2024-11-26,12:29:09.799,37.2410638,126.7743445
2024-11-26,12:29:10.784,37.2410782,126.7743517
2024-11-26,12:29:11.799,37.2410793,126.7743522
2024-11-26,12:29:12.877,37.2410793,126.7743523
2024-11-26,12:29:13.800,37.2410793,126.7743523
2024-11-26,12:29:14.817,37.2410793,126.7743523
2024-11-26,12:29:15.801,37.2410793,126.7743523
2024-11-26,12:29:16.817,37.2410793,126.7743523
2024-11-26,12:29:17.801,37.2410793,126.7743523
2024-11-26,12:29:18.801,37.2410793,126.7743523
2024-11-26,12:29:19.802,37.2410793,126.7743523
2024-11-26,12:29:20.803,37.2410793,126.7743523
2024-11-26,12:29:21.804,37.2410793,126.7743523
2024-11-26,12:29:22.819,37.2410793,126.7743522
2024-11-26,12:29:23.805,37.2410793,126.7743522
2024-11-26,12:29:24.791,37.2410798,126.7743525
2024-11-26,12:29:25.807,37.2410872,126.7743562
2024-11-26,12:29:26.822,37.2411102,126.7743673
2024-11-26,12:29:27.823,37.2411457,126.7743840
2024-11-26,12:29:28.793,37.2411862,126.7744018
2024-11-26,12:29:29.824,37.2412220,126.7744163
2024-11-26,12:29:30.793,37.2412438,126.7744248
2024-11-26,12:29:31.809,37.2412478,126.7744263
2024-11-26,12:29:32.856,37.2412477,126.7744263
2024-11-26,12:29:33.810,37.2412477,126.7744263
2024-11-26,12:29:34.810,37.2412477,126.7744263
2024-11-26,12:29:35.810,37.2412477,126.7744263
2024-11-26,12:29:36.795,37.2412477,126.7744265
2024-11-26,12:29:37.810,37.2412477,126.7744265
2024-11-26,12:29:38.796,37.2412477,126.7744263
2024-11-26,12:29:39.796,37.2412477,126.7744263
2024-11-26,12:29:40.812,37.2412477,126.7744263
2024-11-26,12:29:41.812,37.2412477,126.7744263
2024-11-26,12:29:42.813,37.2412477,126.7744263
2024-11-26,12:29:43.798,37.2412477,126.7744265
2024-11-26,12:29:44.799,37.2412477,126.7744263
2024-11-26,12:29:45.799,37.2412477,126.7744263
2024-11-26,12:29:46.783,37.2412477,126.7744263
2024-11-26,12:29:47.800,37.2412477,126.7744263
2024-11-26,12:29:48.832,37.2412477,126.7744263
2024-11-26,12:29:49.801,37.2412485,126.7744267
2024-11-26,12:29:50.817,37.2412548,126.7744292
2024-11-26,12:29:51.802,37.2412717,126.7744353
2024-11-26,12:29:52.787,37.2412988,126.7744460
2024-11-26,12:29:53.818,37.2413362,126.7744638
2024-11-26,12:29:54.803,37.2413772,126.7744865
2024-11-26,12:29:55.788,37.2414190,126.7745072
2024-11-26,12:29:56.804,37.2414615,126.7745200
2024-11-26,12:29:57.804,37.2415025,126.7745252
2024-11-26,12:29:58.805,37.2415377,126.7745188
2024-11-26,12:29:59.821,37.2415633,126.7744977
2024-11-26,12:30:00.789,37.2415753,126.7744652
2024-11-26,12:30:01.821,37.2415718,126.7744310
2024-11-26,12:30:02.806,37.2415523,126.7744037
2024-11-26,12:30:03.805,37.2415197,126.7743943
2024-11-26,12:30:04.853,37.2414768,126.7743958
2024-11-26,12:30:05.790,37.2414270,126.7743923
2024-11-26,12:30:06.791,37.2413727,126.7743815
2024-11-26,12:30:07.806,37.2413225,126.7743673
2024-11-26,12:30:08.822,37.2412888,126.7743555
2024-11-26,12:30:09.792,37.2412747,126.7743502
2024-11-26,12:30:10.808,37.2412740,126.7743498
2024-11-26,12:30:11.808,37.2412740,126.7743498
2024-11-26,12:30:12.808,37.2412740,126.7743498
2024-11-26,12:30:13.809,37.2412740,126.7743498
2024-11-26,12:30:14.794,37.2412740,126.7743498
2024-11-26,12:30:15.825,37.2412740,126.7743498
2024-11-26,12:30:16.795,37.2412740,126.7743498
2024-11-26,12:30:17.812,37.2412740,126.7743498
2024-11-26,12:30:18.796,37.2412742,126.7743498
2024-11-26,12:30:19.813,37.2412740,126.7743498
2024-11-26,12:30:20.798,37.2412740,126.7743498
2024-11-26,12:30:21.798,37.2412740,126.7743498
2024-11-26,12:30:22.798,37.2412740,126.7743498
2024-11-26,12:30:23.814,37.2412725,126.7743493
2024-11-26,12:30:24.800,37.2412597,126.7743445
2024-11-26,12:30:25.800,37.2412323,126.7743335
2024-11-26,12:30:26.816,37.2411988,126.7743188
2024-11-26,12:30:27.816,37.2411675,126.7743045
2024-11-26,12:30:28.817,37.2411447,126.7742938
2024-11-26,12:30:29.818,37.2411363,126.7742900
2024-11-26,12:30:30.802,37.2411363,126.7742900
2024-11-26,12:30:31.787,37.2411363,126.7742900
2024-11-26,12:30:32.803,37.2411363,126.7742900
2024-11-26,12:30:33.819,37.2411363,126.7742898
2024-11-26,12:30:34.820,37.2411363,126.7742898
2024-11-26,12:30:35.789,37.2411363,126.7742898
2024-11-26,12:30:36.805,37.2411363,126.7742900
2024-11-26,12:30:37.805,37.2411363,126.7742900
2024-11-26,12:30:38.883,37.2411363,126.7742900
2024-11-26,12:30:39.806,37.2411363,126.7742900
2024-11-26,12:30:40.806,37.2411363,126.7742898
2024-11-26,12:30:41.822,37.2411363,126.7742898
2024-11-26,12:30:42.807,37.2411312,126.7742875
2024-11-26,12:30:43.807,37.2411115,126.7742777
2024-11-26,12:30:44.808,37.2410795,126.7742620
2024-11-26,12:30:45.792,37.2410413,126.7742422
2024-11-26,12:30:46.808,37.2410048,126.7742215
2024-11-26,12:30:47.871,37.2409813,126.7742077
2024-11-26,12:30:48.793,37.2409737,126.7742032
2024-11-26,12:30:49.793,37.2409737,126.7742030
2024-11-26,12:30:50.794,37.2409737,126.7742030
2024-11-26,12:30:51.794,37.2409737,126.7742030
2024-11-26,12:30:52.795,37.2409737,126.7742030
2024-11-26,12:30:53.812,37.2409737,126.7742030
2024-11-26,12:30:54.797,37.2409737,126.7742030
2024-11-26,12:30:55.813,37.2409737,126.7742030
2024-11-26,12:30:56.797,37.2409737,126.7742030
2024-11-26,12:30:57.813,37.2409737,126.7742030
2024-11-26,12:30:58.782,37.2409737,126.7742030
2024-11-26,12:30:59.798,37.2409737,126.7742030
2024-11-26,12:31:00.814,37.2409737,126.7742030
2024-11-26,12:31:01.815,37.2409735,126.7742028
2024-11-26,12:31:02.799,37.2409673,126.7741993
2024-11-26,12:31:03.800,37.2409480,126.7741880
2024-11-26,12:31:04.784,37.2409195,126.7741715
2024-11-26,12:31:05.800,37.2408897,126.7741542
2024-11-26,12:31:06.816,37.2408652,126.7741398
2024-11-26,12:31:07.801,37.2408547,126.7741335
2024-11-26,12:31:08.817,37.2408540,126.7741332
2024-11-26,12:31:09.802,37.2408540,126.7741332
2024-11-26,12:31:10.819,37.2408540,126.7741332
2024-11-26,12:31:11.803,37.2408540,126.7741332
2024-11-26,12:31:12.819,37.2408540,126.7741332
2024-11-26,12:31:13.803,37.2408540,126.7741332
2024-11-26,12:31:14.788,37.2408540,126.7741332
2024-11-26,12:31:15.803,37.2408540,126.7741332
2024-11-26,12:31:16.789,37.2408540,126.7741332
2024-11-26,12:31:17.805,37.2408540,126.7741332
2024-11-26,12:31:18.821,37.2408540,126.7741332
2024-11-26,12:31:19.806,37.2408540,126.7741332
2024-11-26,12:31:20.792,37.2408540,126.7741332
2024-11-26,12:31:21.808,37.2408540,126.7741332
2024-11-26,12:31:22.808,37.2408540,126.7741332
2024-11-26,12:31:23.824,37.2408540,126.7741332
2024-11-26,12:31:24.810,37.2408540,126.7741332
2024-11-26,12:31:25.779,37.2408528,126.7741325
2024-11-26,12:31:26.794,37.2408483,126.7741280
2024-11-26,12:31:27.810,37.2408423,126.7741183
2024-11-26,12:31:28.795,37.2408373,126.7741040
2024-11-26,12:31:29.811,37.2408322,126.7740898
2024-11-26,12:31:30.795,37.2408265,126.7740808
2024-11-26,12:31:31.796,37.2408212,126.7740747
2024-11-26,12:31:32.796,37.2408170,126.7740708
2024-11-26,12:31:33.812,37.2408123,126.7740672
2024-11-26,12:31:34.797,37.2408078,126.7740643
2024-11-26,12:31:35.813,37.2408052,126.7740630
2024-11-26,12:31:36.813,37.2408040,126.7740623
2024-11-26,12:31:37.844,37.2408032,126.7740620
2024-11-26,12:31:38.783,37.2408028,126.7740618
2024-11-26,12:31:39.800,37.2408005,126.7740610
2024-11-26,12:31:40.784,37.2407895,126.7740600
2024-11-26,12:31:41.800,37.2407680,126.7740633
2024-11-26,12:31:42.800,37.2407472,126.7740617
2024-11-26,12:31:43.785,37.2407302,126.7740517
2024-11-26,12:31:44.802,37.2407207,126.7740443
2024-11-26,12:31:45.801,37.2407197,126.7740437
2024-11-26,12:31:46.819,37.2407197,126.7740437
2024-11-26,12:31:47.804,37.2407197,126.7740438
2024-11-26,12:31:48.820,37.2407195,126.7740438
2024-11-26,12:31:49.805,37.2407197,126.7740438
2024-11-26,12:31:50.805,37.2407197,126.7740438
2024-11-26,12:31:51.822,37.2407197,126.7740437
2024-11-26,12:31:52.806,37.2407197,126.7740437
2024-11-26,12:31:53.822,37.2407197,126.7740437
2024-11-26,12:31:54.792,37.2407197,126.7740437
2024-11-26,12:31:55.886,37.2407197,126.7740437
2024-11-26,12:31:56.808,37.2407197,126.7740438
2024-11-26,12:31:57.824,37.2407197,126.7740438
2024-11-26,12:31:58.809,37.2407197,126.7740438
2024-11-26,12:31:59.794,37.2407197,126.7740437
2024-11-26,12:32:00.809,37.2407197,126.7740437
2024-11-26,12:32:01.794,37.2407183,126.7740428
2024-11-26,12:32:02.794,37.2407067,126.7740347
2024-11-26,12:32:03.810,37.2406830,126.7740192
2024-11-26,12:32:04.811,37.2406530,126.7740015
2024-11-26,12:32:05.826,37.2406248,126.7739868
2024-11-26,12:32:06.811,37.2406100,126.7739792
2024-11-26,12:32:07.795,37.2406062,126.7739773
2024-11-26,12:32:08.796,37.2406062,126.7739773
2024-11-26,12:32:09.813,37.2406062,126.7739773
2024-11-26,12:32:10.782,37.2406062,126.7739773
2024-11-26,12:32:11.798,37.2406063,126.7739773
2024-11-26,12:32:12.814,37.2406063,126.7739773
2024-11-26,12:32:13.861,37.2406063,126.7739773
2024-11-26,12:32:14.784,37.2406062,126.7739773
2024-11-26,12:32:15.799,37.2406062,126.7739773
2024-11-26,12:32:16.815,37.2406062,126.7739773
2024-11-26,12:32:17.816,37.2406062,126.7739772
2024-11-26,12:32:18.816,37.2406063,126.7739772
2024-11-26,12:32:19.801,37.2406063,126.7739772
2024-11-26,12:32:20.786,37.2406063,126.7739772
2024-11-26,12:32:21.802,37.2406062,126.7739772
2024-11-26,12:32:22.786,37.2406062,126.7739773
2024-11-26,12:32:23.787,37.2406062,126.7739773
2024-11-26,12:32:24.803,37.2406057,126.7739770
2024-11-26,12:32:25.788,37.2405972,126.7739727
2024-11-26,12:32:26.804,37.2405753,126.7739622
2024-11-26,12:32:27.804,37.2405473,126.7739483
2024-11-26,12:32:28.789,37.2405218,126.7739357
2024-11-26,12:32:29.837,37.2405073,126.7739282
2024-11-26,12:32:30.789,37.2405035,126.7739262
2024-11-26,12:32:31.806,37.2405035,126.7739262
2024-11-26,12:32:32.790,37.2405037,126.7739262
2024-11-26,12:32:33.806,37.2405037,126.7739262
2024-11-26,12:32:34.792,37.2405037,126.7739262
2024-11-26,12:32:35.793,37.2405037,126.7739262
2024-11-26,12:32:36.809,37.2405037,126.7739262
2024-11-26,12:32:37.793,37.2405037,126.7739262
2024-11-26,12:32:38.809,37.2405037,126.7739262
2024-11-26,12:32:39.794,37.2405037,126.7739262
2024-11-26,12:32:40.811,37.2405037,126.7739262
2024-11-26,12:32:41.795,37.2405037,126.7739262
2024-11-26,12:32:42.811,37.2405037,126.7739262
2024-11-26,12:32:43.796,37.2405037,126.7739262
2024-11-26,12:32:44.795,37.2405037,126.7739262
2024-11-26,12:32:45.796,37.2405002,126.7739243
2024-11-26,12:32:46.781,37.2404835,126.7739152
2024-11-26,12:32:47.797,37.2404548,126.7738982
2024-11-26,12:32:48.781,37.2404225,126.7738775
2024-11-26,12:32:49.797,37.2403915,126.7738575
2024-11-26,12:32:50.799,37.2403633,126.7738392
2024-11-26,12:32:51.815,37.2403488,126.7738297
2024-11-26,12:32:52.799,37.2403472,126.7738287
2024-11-26,12:32:53.814,37.2403472,126.7738287
2024-11-26,12:32:54.799,37.2403472,126.7738287
2024-11-26,12:32:55.786,37.2403472,126.7738287
2024-11-26,12:32:56.801,37.2403472,126.7738288
2024-11-26,12:32:57.786,37.2403472,126.7738287
2024-11-26,12:32:58.801,37.2403472,126.7738287
2024-11-26,12:32:59.802,37.2403472,126.7738287
2024-11-26,12:33:00.801,37.2403472,126.7738287
2024-11-26,12:33:01.786,37.2403472,126.7738287
2024-11-26,12:33:02.803,37.2403472,126.7738287
2024-11-26,12:33:03.788,37.2403472,126.7738287
2024-11-26,12:33:04.805,37.2403472,126.7738287
2024-11-26,12:33:05.790,37.2403472,126.7738288
2024-11-26,12:33:06.790,37.2403445,126.7738270
2024-11-26,12:33:07.790,37.2403312,126.7738182
2024-11-26,12:33:08.807,37.2403065,126.7738022
2024-11-26,12:33:09.823,37.2402718,126.7737795
2024-11-26,12:33:10.808,37.2402278,126.7737507
2024-11-26,12:33:11.792,37.2401723,126.7737145
2024-11-26,12:33:12.808,37.2401085,126.7736728
2024-11-26,12:33:13.793,37.2400407,126.7736282
2024-11-26,12:33:14.810,37.2399725,126.7735825
2024-11-26,12:33:15.812,37.2399092,126.7735373
2024-11-26,12:33:16.797,37.2398550,126.7734937
2024-11-26,12:33:17.812,37.2398130,126.7734565
2024-11-26,12:33:18.813,37.2397783,126.7734322
2024-11-26,12:33:19.828,37.2397493,126.7734300
2024-11-26,12:33:20.830,37.2397295,126.7734498
2024-11-26,12:33:21.815,37.2397250,126.7734838
2024-11-26,12:33:22.799,37.2397415,126.7735143
2024-11-26,12:33:23.815,37.2397748,126.7735328
2024-11-26,12:33:24.816,37.2398193,126.7735503
2024-11-26,12:33:25.833,37.2398713,126.7735775
2024-11-26,12:33:26.817,37.2399257,126.7736127
2024-11-26,12:33:27.833,37.2399783,126.7736480
2024-11-26,12:33:28.818,37.2400205,126.7736760
2024-11-26,12:33:29.834,37.2400455,126.7736920
2024-11-26,12:33:30.818,37.2400537,126.7736975
2024-11-26,12:33:31.803,37.2400535,126.7736973
2024-11-26,12:33:32.820,37.2400535,126.7736973
2024-11-26,12:33:33.836,37.2400535,126.7736975
2024-11-26,12:33:34.835,37.2400537,126.7736975
2024-11-26,12:33:35.820,37.2400537,126.7736975
2024-11-26,12:33:36.836,37.2400537,126.7736975
2024-11-26,12:33:37.805,37.2400537,126.7736975
2024-11-26,12:33:38.821,37.2400537,126.7736975
2024-11-26,12:33:39.806,37.2400537,126.7736975
2024-11-26,12:33:40.791,37.2400538,126.7736975
2024-11-26,12:33:41.807,37.2400538,126.7736975
2024-11-26,12:33:42.822,37.2400538,126.7736975
2024-11-26,12:33:43.807,37.2400538,126.7736975
2024-11-26,12:33:44.793,37.2400538,126.7736975
2024-11-26,12:33:45.809,37.2400538,126.7736975
2024-11-26,12:33:46.793,37.2400538,126.7736975
2024-11-26,12:33:47.810,37.2400537,126.7736975
2024-11-26,12:33:48.873,37.2400537,126.7736975
2024-11-26,12:33:49.794,37.2400537,126.7736975
2024-11-26,12:33:50.810,37.2400583,126.7737005
2024-11-26,12:33:51.795,37.2400767,126.7737125
2024-11-26,12:33:52.810,37.2401052,126.7737312
2024-11-26,12:33:53.796,37.2401393,126.7737535
2024-11-26,12:33:54.812,37.2401712,126.7737745
2024-11-26,12:33:55.797,37.2401887,126.7737860
2024-11-26,12:33:56.797,37.2401912,126.7737877
2024-11-26,12:33:57.813,37.2401912,126.7737877
2024-11-26,12:33:58.798,37.2401912,126.7737877
2024-11-26,12:33:59.798,37.2401912,126.7737877
2024-11-26,12:34:00.814,37.2401912,126.7737877
2024-11-26,12:34:01.799,37.2401912,126.7737877
2024-11-26,12:34:02.815,37.2401912,126.7737877
2024-11-26,12:34:03.800,37.2401912,126.7737877
2024-11-26,12:34:04.879,37.2401912,126.7737877
2024-11-26,12:34:05.801,37.2401912,126.7737877
2024-11-26,12:34:06.817,37.2401912,126.7737877
2024-11-26,12:34:07.801,37.2401912,126.7737877
2024-11-26,12:34:08.802,37.2401912,126.7737877
2024-11-26,12:34:09.818,37.2401918,126.7737882
2024-11-26,12:34:10.803,37.2401990,126.7737928
2024-11-26,12:34:11.819,37.2402200,126.7738067
2024-11-26,12:34:12.804,37.2402512,126.7738272
2024-11-26,12:34:13.804,37.2402848,126.7738492
2024-11-26,12:34:14.805,37.2403032,126.7738613
2024-11-26,12:34:15.789,37.2403050,126.7738625
2024-11-26,12:34:16.806,37.2403050,126.7738625
2024-11-26,12:34:17.806,37.2403050,126.7738625
2024-11-26,12:34:18.791,37.2403050,126.7738623
2024-11-26,12:34:19.822,37.2403050,126.7738623
2024-11-26,12:34:20.808,37.2403050,126.7738623
2024-11-26,12:34:21.793,37.2403050,126.7738623
2024-11-26,12:34:22.808,37.2403050,126.7738623
2024-11-26,12:34:23.793,37.2403050,126.7738625
2024-11-26,12:34:24.810,37.2403050,126.7738623
2024-11-26,12:34:25.779,37.2403050,126.7738623
2024-11-26,12:34:26.811,37.2403050,126.7738623
2024-11-26,12:34:27.811,37.2403050,126.7738623
2024-11-26,12:34:28.796,37.2403050,126.7738623
2024-11-26,12:34:29.812,37.2403058,126.7738630
2024-11-26,12:34:30.813,37.2403150,126.7738690
2024-11-26,12:34:31.813,37.2403392,126.7738848
2024-11-26,12:34:32.798,37.2403685,126.7739042
2024-11-26,12:34:33.815,37.2403910,126.7739190
2024-11-26,12:34:34.783,37.2403973,126.7739232
2024-11-26,12:34:35.799,37.2403972,126.7739232
2024-11-26,12:34:36.784,37.2403973,126.7739232
2024-11-26,12:34:37.800,37.2403972,126.7739232
2024-11-26,12:34:38.785,37.2403972,126.7739230
2024-11-26,12:34:39.801,37.2403972,126.7739230
2024-11-26,12:34:40.786,37.2403972,126.7739230
2024-11-26,12:34:41.817,37.2403973,126.7739232
2024-11-26,12:34:42.802,37.2403973,126.7739230
2024-11-26,12:34:43.786,37.2403973,126.7739230
2024-11-26,12:34:44.802,37.2403973,126.7739230
2024-11-26,12:34:45.802,37.2403972,126.7739232
2024-11-26,12:34:46.787,37.2403972,126.7739232
2024-11-26,12:34:47.912,37.2403972,126.7739232
2024-11-26,12:34:48.803,37.2403972,126.7739232
2024-11-26,12:34:49.804,37.2403992,126.7739243
2024-11-26,12:34:50.789,37.2404130,126.7739335
2024-11-26,12:34:51.805,37.2404375,126.7739495
2024-11-26,12:34:52.789,37.2404683,126.7739665
2024-11-26,12:34:53.789,37.2405007,126.7739798
2024-11-26,12:34:54.805,37.2405233,126.7739887
2024-11-26,12:34:55.791,37.2405302,126.7739913
2024-11-26,12:34:56.838,37.2405302,126.7739913
2024-11-26,12:34:57.791,37.2405302,126.7739913
2024-11-26,12:34:58.807,37.2405302,126.7739913
2024-11-26,12:34:59.792,37.2405302,126.7739913
2024-11-26,12:35:00.807,37.2405302,126.7739913
2024-11-26,12:35:01.776,37.2405302,126.7739913
2024-11-26,12:35:02.793,37.2405302,126.7739913
2024-11-26,12:35:03.809,37.2405302,126.7739913
2024-11-26,12:35:04.793,37.2405302,126.7739913
2024-11-26,12:35:05.872,37.2405302,126.7739913
2024-11-26,12:35:06.793,37.2405302,126.7739913
2024-11-26,12:35:07.809,37.2405302,126.7739913
2024-11-26,12:35:08.793,37.2405302,126.7739913
2024-11-26,12:35:09.809,37.2405302,126.7739913
2024-11-26,12:35:10.794,37.2405340,126.7739928
2024-11-26,12:35:11.810,37.2405487,126.7739985
2024-11-26,12:35:12.795,37.2405780,126.7740107
2024-11-26,12:35:13.811,37.2406142,126.7740285
2024-11-26,12:35:14.889,37.2406490,126.7740493
2024-11-26,12:35:15.812,37.2406730,126.7740650
2024-11-26,12:35:16.796,37.2406813,126.7740707
2024-11-26,12:35:17.797,37.2406815,126.7740708
2024-11-26,12:35:18.813,37.2406817,126.7740708
2024-11-26,12:35:19.797,37.2406815,126.7740708
2024-11-26,12:35:20.799,37.2406815,126.7740708
2024-11-26,12:35:21.815,37.2406815,126.7740708
2024-11-26,12:35:22.814,37.2406815,126.7740708
2024-11-26,12:35:23.799,37.2406815,126.7740708
2024-11-26,12:35:24.815,37.2406815,126.7740708
2024-11-26,12:35:25.800,37.2406815,126.7740708
2024-11-26,12:35:26.816,37.2406815,126.7740708
2024-11-26,12:35:27.802,37.2406815,126.7740708
2024-11-26,12:35:28.802,37.2406815,126.7740708
2024-11-26,12:35:29.818,37.2406815,126.7740708
2024-11-26,12:35:30.803,37.2406815,126.7740708
2024-11-26,12:35:31.820,37.2406848,126.7740732
2024-11-26,12:35:32.805,37.2407015,126.7740840
2024-11-26,12:35:33.821,37.2407323,126.7741042
2024-11-26,12:35:34.805,37.2407722,126.7741300
2024-11-26,12:35:35.821,37.2408180,126.7741590
2024-11-26,12:35:36.837,37.2408630,126.7741863
2024-11-26,12:35:37.790,37.2408997,126.7742080
2024-11-26,12:35:38.791,37.2409195,126.7742197
2024-11-26,12:35:39.807,37.2409237,126.7742222
2024-11-26,12:35:40.792,37.2409235,126.7742222
2024-11-26,12:35:41.870,37.2409235,126.7742222
2024-11-26,12:35:42.793,37.2409235,126.7742222
2024-11-26,12:35:43.809,37.2409235,126.7742222
2024-11-26,12:35:44.793,37.2409235,126.7742220
2024-11-26,12:35:45.809,37.2409235,126.7742222
2024-11-26,12:35:46.794,37.2409235,126.7742222
2024-11-26,12:35:47.810,37.2409235,126.7742222
2024-11-26,12:35:48.811,37.2409235,126.7742222
2024-11-26,12:35:49.795,37.2409237,126.7742220
2024-11-26,12:35:50.812,37.2409235,126.7742220
2024-11-26,12:35:51.796,37.2409235,126.7742220
2024-11-26,12:35:52.812,37.2409237,126.7742222
2024-11-26,12:35:53.797,37.2409295,126.7742255
2024-11-26,12:35:54.813,37.2409515,126.7742383
2024-11-26,12:35:55.798,37.2409863,126.7742583
2024-11-26,12:35:56.798,37.2410288,126.7742823
2024-11-26,12:35:57.814,37.2410688,126.7743035
2024-11-26,12:35:58.799,37.2410982,126.7743182
2024-11-26,12:35:59.815,37.2411117,126.7743248
2024-11-26,12:36:00.800,37.2411132,126.7743255
2024-11-26,12:36:01.785,37.2411132,126.7743255
2024-11-26,12:36:02.801,37.2411132,126.7743255
2024-11-26,12:36:03.786,37.2411133,126.7743255
2024-11-26,12:36:04.771,37.2411133,126.7743255
2024-11-26,12:36:05.787,37.2411133,126.7743255
2024-11-26,12:36:06.803,37.2411133,126.7743255
2024-11-26,12:36:07.787,37.2411133,126.7743255
2024-11-26,12:36:08.789,37.2411133,126.7743255
2024-11-26,12:36:09.805,37.2411133,126.7743255
2024-11-26,12:36:10.789,37.2411133,126.7743255
2024-11-26,12:36:11.836,37.2411133,126.7743255
2024-11-26,12:36:12.836,37.2411142,126.7743260
2024-11-26,12:36:13.852,37.2411243,126.7743308
2024-11-26,12:36:14.806,37.2411527,126.7743438
2024-11-26,12:36:15.822,37.2411915,126.7743608
2024-11-26,12:36:16.807,37.2412312,126.7743765
2024-11-26,12:36:17.823,37.2412617,126.7743877
2024-11-26,12:36:18.808,37.2412798,126.7743940
2024-11-26,12:36:19.792,37.2412825,126.7743948
2024-11-26,12:36:20.809,37.2412825,126.7743948
2024-11-26,12:36:21.794,37.2412825,126.7743948
2024-11-26,12:36:22.794,37.2412827,126.7743948
2024-11-26,12:36:23.810,37.2412827,126.7743948
2024-11-26,12:36:24.796,37.2412825,126.7743948
2024-11-26,12:36:25.812,37.2412825,126.7743948
2024-11-26,12:36:26.796,37.2412825,126.7743948
2024-11-26,12:36:27.812,37.2412825,126.7743948
2024-11-26,12:36:28.797,37.2412825,126.7743948
2024-11-26,12:36:29.797,37.2412825,126.7743948
2024-11-26,12:36:30.798,37.2412825,126.7743948
2024-11-26,12:36:31.783,37.2412825,126.7743948
2024-11-26,12:36:32.799,37.2412825,126.7743948
2024-11-26,12:36:33.784,37.2412825,126.7743948
2024-11-26,12:36:34.784,37.2412825,126.7743948
2024-11-26,12:36:35.801,37.2412825,126.7743948
2024-11-26,12:36:36.801,37.2412867,126.7743962
2024-11-26,12:36:37.785,37.2413058,126.7744027
2024-11-26,12:36:38.801,37.2413415,126.7744162
2024-11-26,12:36:39.817,37.2413868,126.7744362
2024-11-26,12:36:40.803,37.2414358,126.7744617
2024-11-26,12:36:41.803,37.2414832,126.7744875
2024-11-26,12:36:42.804,37.2415248,126.7745087
2024-11-26,12:36:43.789,37.2415598,126.7745158
2024-11-26,12:36:44.805,37.2415880,126.7745072
2024-11-26,12:36:45.789,37.2416065,126.7744833
2024-11-26,12:36:46.790,37.2416100,126.7744517
2024-11-26,12:36:47.806,37.2415942,126.7744200
2024-11-26,12:36:48.791,37.2415600,126.7744030
2024-11-26,12:36:49.775,37.2415138,126.7743987
2024-11-26,12:36:50.793,37.2414598,126.7743948
2024-11-26,12:36:51.809,37.2414005,126.7743865
2024-11-26,12:36:52.794,37.2413392,126.7743725
2024-11-26,12:36:53.809,37.2412810,126.7743533
2024-11-26,12:36:54.809,37.2412335,126.7743342
2024-11-26,12:36:55.810,37.2412063,126.7743222
2024-11-26,12:36:56.794,37.2412013,126.7743200
2024-11-26,12:36:57.810,37.2412013,126.7743200
2024-11-26,12:36:58.795,37.2412013,126.7743198
2024-11-26,12:36:59.811,37.2412013,126.7743198
2024-11-26,12:37:00.796,37.2412013,126.7743200
2024-11-26,12:37:01.796,37.2412013,126.7743200
2024-11-26,12:37:02.781,37.2412013,126.7743200
2024-11-26,12:37:03.828,37.2412013,126.7743200
2024-11-26,12:37:04.782,37.2412013,126.7743200
2024-11-26,12:37:05.799,37.2412013,126.7743198
2024-11-26,12:37:06.815,37.2412013,126.7743198
2024-11-26,12:37:07.768,37.2412013,126.7743198
2024-11-26,12:37:08.784,37.2412013,126.7743200
2024-11-26,12:37:09.801,37.2411995,126.7743192
2024-11-26,12:37:10.817,37.2411840,126.7743125
2024-11-26,12:37:11.832,37.2411518,126.7742983
2024-11-26,12:37:12.817,37.2411108,126.7742785
2024-11-26,12:37:13.802,37.2410657,126.7742552
2024-11-26,12:37:14.788,37.2410285,126.7742347
2024-11-26,12:37:15.788,37.2410052,126.7742217
2024-11-26,12:37:16.789,37.2409982,126.7742178
2024-11-26,12:37:17.805,37.2409983,126.7742178
2024-11-26,12:37:18.790,37.2409983,126.7742178
2024-11-26,12:37:19.805,37.2409983,126.7742178
2024-11-26,12:37:20.791,37.2409983,126.7742178
2024-11-26,12:37:21.807,37.2409983,126.7742178
2024-11-26,12:37:22.794,37.2409983,126.7742178
2024-11-26,12:37:23.794,37.2409983,126.7742178
2024-11-26,12:37:24.779,37.2409983,126.7742178
2024-11-26,12:37:25.796,37.2409983,126.7742178
2024-11-26,12:37:26.781,37.2409983,126.7742178
2024-11-26,12:37:27.797,37.2409983,126.7742178
2024-11-26,12:37:28.783,37.2409983,126.7742178
2024-11-26,12:37:29.799,37.2409982,126.7742177
2024-11-26,12:37:30.784,37.2409910,126.7742138
2024-11-26,12:37:31.816,37.2409663,126.7742003
2024-11-26,12:37:32.785,37.2409285,126.7741788
2024-11-26,12:37:33.801,37.2408825,126.7741512
2024-11-26,12:37:34.816,37.2408358,126.7741222
2024-11-26,12:37:35.802,37.2407935,126.7740950
2024-11-26,12:37:36.787,37.2407567,126.7740715
2024-11-26,12:37:37.802,37.2407310,126.7740552
2024-11-26,12:37:38.803,37.2407210,126.7740487
2024-11-26,12:37:39.787,37.2407207,126.7740485
2024-11-26,12:37:40.787,37.2407207,126.7740487
2024-11-26,12:37:41.787,37.2407207,126.7740487
2024-11-26,12:37:42.803,37.2407207,126.7740487
2024-11-26,12:37:43.788,37.2407207,126.7740487
2024-11-26,12:37:44.803,37.2407207,126.7740485
2024-11-26,12:37:45.789,37.2407207,126.7740485
2024-11-26,12:37:46.806,37.2407207,126.7740485
2024-11-26,12:37:47.791,37.2407207,126.7740485
2024-11-26,12:37:48.807,37.2407207,126.7740485
2024-11-26,12:37:49.792,37.2407207,126.7740485
2024-11-26,12:37:50.793,37.2407207,126.7740485
2024-11-26,12:37:51.793,37.2407203,126.7740483
2024-11-26,12:37:52.794,37.2407115,126.7740428
2024-11-26,12:37:53.809,37.2406863,126.7740270
2024-11-26,12:37:54.795,37.2406502,126.7740048
2024-11-26,12:37:55.811,37.2406068,126.7739810
2024-11-26,12:37:56.796,37.2405647,126.7739587
2024-11-26,12:37:57.811,37.2405300,126.7739403
2024-11-26,12:37:58.796,37.2405108,126.7739305
2024-11-26,12:37:59.812,37.2405080,126.7739288
2024-11-26,12:38:00.781,37.2405080,126.7739288
2024-11-26,12:38:01.797,37.2405080,126.7739288
2024-11-26,12:38:02.782,37.2405080,126.7739288
2024-11-26,12:38:03.798,37.2405080,126.7739288
2024-11-26,12:38:04.814,37.2405080,126.7739288
2024-11-26,12:38:05.799,37.2405080,126.7739288
2024-11-26,12:38:06.784,37.2405080,126.7739288
2024-11-26,12:38:07.785,37.2405080,126.7739288
2024-11-26,12:38:08.800,37.2405080,126.7739288
2024-11-26,12:38:09.785,37.2405080,126.7739288
2024-11-26,12:38:10.771,37.2405080,126.7739288
2024-11-26,12:38:11.786,37.2405065,126.7739280
2024-11-26,12:38:12.802,37.2404940,126.7739212
2024-11-26,12:38:13.787,37.2404635,126.7739038
2024-11-26,12:38:14.819,37.2404198,126.7738792
2024-11-26,12:38:15.804,37.2403663,126.7738478
2024-11-26,12:38:16.788,37.2403055,126.7738097
2024-11-26,12:38:17.805,37.2402393,126.7737653
2024-11-26,12:38:18.790,37.2401683,126.7737173
2024-11-26,12:38:19.774,37.2400935,126.7736670
2024-11-26,12:38:20.791,37.2400183,126.7736172
2024-11-26,12:38:21.807,37.2399463,126.7735697
2024-11-26,12:38:22.792,37.2398833,126.7735215
2024-11-26,12:38:23.807,37.2398332,126.7734748
2024-11-26,12:38:24.824,37.2397950,126.7734430
2024-11-26,12:38:25.794,37.2397647,126.7734332
2024-11-26,12:38:26.794,37.2397395,126.7734445
2024-11-26,12:38:27.794,37.2397242,126.7734768
2024-11-26,12:38:28.810,37.2397257,126.7735180
2024-11-26,12:38:29.842,37.2397442,126.7735500
2024-11-26,12:38:30.795,37.2397692,126.7735663
2024-11-26,12:38:31.811,37.2397878,126.7735768
2024-11-26,12:38:32.796,37.2397935,126.7735805
2024-11-26,12:38:33.780,37.2397935,126.7735805
2024-11-26,12:38:34.796,37.2397935,126.7735805
2024-11-26,12:38:35.796,37.2397935,126.7735805
2024-11-26,12:38:36.781,37.2397935,126.7735805
2024-11-26,12:38:37.797,37.2397935,126.7735805
2024-11-26,12:38:38.782,37.2397935,126.7735805
2024-11-26,12:38:39.797,37.2397935,126.7735805
2024-11-26,12:38:40.813,37.2397935,126.7735805
